{"options":{"hasObfuscationDictionary":false,"hasClassObfuscationDictionary":false,"hasPackageObfuscationDictionary":false,"keepAttributes":{"isAnnotationDefaultKept":true,"isEnclosingMethodKept":true,"isExceptionsKept":false,"isInnerClassesKept":true,"isLocalVariableTableKept":false,"isLocalVariableTypeTableKept":false,"isMethodParametersKept":false,"isPermittedSubclassesKept":false,"isRuntimeInvisibleAnnotationsKept":false,"isRuntimeInvisibleParameterAnnotationsKept":false,"isRuntimeInvisibleTypeAnnotationsKept":false,"isRuntimeVisibleAnnotationsKept":true,"isRuntimeVisibleParameterAnnotationsKept":true,"isRuntimeVisibleTypeAnnotationsKept":true,"isSignatureKept":true,"isSourceDebugExtensionKept":false,"isSourceDirKept":false,"isSourceFileKept":false,"isStackMapTableKept":false},"isAccessModificationEnabled":true,"isFlattenPackageHierarchyEnabled":false,"isObfuscationEnabled":true,"isOptimizationsEnabled":true,"isProGuardCompatibilityModeEnabled":false,"isProtoLiteOptimizationEnabled":false,"isRepackageClassesEnabled":false,"isShrinkingEnabled":true,"apiModeling":{},"minApiLevel":"23","isDebugModeEnabled":false},"baselineProfileRewriting":{},"compilation":{"buildTimeNs":14076012800,"numberOfThreads":8},"dexFiles":[{"checksum":"cb92fa16a166eb7a197523bfd91b2adf468d6e408eed7609af86140e3bad6c32","startup":false}],"stats":{"noObfuscationPercentage":14.39,"noOptimizationPercentage":16.76,"noShrinkingPercentage":15.29},"featureSplits":{"featureSplits":[{"dexFiles":[]}],"isolatedSplits":false},"resourceOptimization":{"isOptimizedShrinkingEnabled":false},"version":"8.9.32"}